Workbook

Sheet Candidatos
A1: N° | B1: MES | C1: EV IN - EX | D1: Reclutador/a | E1: Nombre del Candidato/a | F1: Origen del Candidato/a | G1: Familia del Cargo | H1: Nombre del Cargo | I1: Ubicación del cargo | J1: Unidad | K1: Requiere Referencias | L1: CECO | M1: Adjuntar CV | N1: Adjuntar Descriptor de Cargo | O1: Aspectos a indagar (funciones del cargo, si es confidencial para el candidato, énfasis en alguna competencia, indagar en liderazgo, etc) | P1: Referencias (solo para externos) | Q1: Fecha de petición | R1: Fecha entrevista | S1: Fecha de envío informe | T1: Tiempo de respuesta (días hábiles) | U1: Categoría del evaluado
A2: 1 | B2: abril 25 | C2: interna | D2: Daniela Contreras | E2: Jorge Alvarado Uribe | F2: Interno | G2: Profesional B C | H2: Coordinador Servicios Generales | I2: Planta Magallanes | J2: Industrial | K2: No | N2: DC_Coordinador_Servicios_Generales.pdf | O2: Énfasis en orientación a resultados y trabajo colaborativo. | Q2: 45772 | R2: 45779 | S2: 45785 | T2: =NETWORKDAYS(R2,S2)-1 | U2: Recomendado con observaciones
A3: 2 | B3: abril 25 | C3: externa | D3: Daniela Contreras | E3: Manuel González Cárcamo | F3: Externo | G3: Profesional A | H3: Líder Desarrollo Producción | I3: Oficina Central | J3: Corporativo | K3: Sí | L3: A170010311 | M3: CV_Manuel_González.pdf | N3: DC_Líder_Desarrollo_Producción.pdf | O3: Indagar en liderazgo de equipos y gestión del cambio. Proceso confidencial para el candidato. | P3: Referencias favorables | Q3: 45758 | R3: 45763 | S3: 45765 | T3: =NETWORKDAYS(R3,S3)-1 | U3: Recomendado
A4: 3 | B4: abril 25 | C4: interna | D4: Carolina Muñoz | E4: Catalina Sepúlveda Alvarado | F4: Interno | G4: Técnico B C | H4: Monitor Producción | I4: Planta Calbuco | J4: Industrial | K4: No | N4: DC_Monitor_Producción.pdf | O4: Indagar en disposición a turnos rotativos. | Q4: 45770 | R4: 45776 | S4: 45778 | T4: =NETWORKDAYS(R4,S4)-1 | U4: Recomendado
A5: 4 | B5: abril 25 | C5: interna | D5: Daniela Contreras | E5: Héctor Cárcamo Pizarro | F5: Interno | G5: Jefatura | H5: Jefe de Centro | I5: AM Chonchi | J5: Producción AM | K5: No | N5: DC_Jefe_de_Centro.pdf | O5: Evaluar estilo de liderazgo y manejo de indicadores. | Q5: 45756 | R5: 45763 | S5: 45768 | T5: =NETWORKDAYS(R5,S5)-1 | U5: No recomendado
A6: 5 | B6: abril 25 | C6: interna | D6: Fernanda Rojas | E6: Pedro Mansilla Contreras | F6: Interno | G6: Jefatura | H6: Jefe Área Piscicultura | I6: Codihue | J6: Producción AD | K6: No | N6: DC_Jefe_Área_Piscicultura.pdf | O6: Indagar en liderazgo, planificación y gestión de personas. Proceso confidencial. | Q6: 45761 | R6: 45768 | S6: 45770 | T6: =NETWORKDAYS(R6,S6)-1 | U6: Recomendado
A7: 6 | B7: abril 25 | C7: interna | D7: Daniela Contreras | E7: Claudio Araya Uribe | F7: Interno | G7: Supervisor B | H7: Supervisor Planta | I7: Planta Cailin | J7: Industrial | K7: No | N7: DC_Supervisor_Planta.pdf | O7: Énfasis en comunicación efectiva y toma de decisiones bajo presión. | Q7: 45757 | R7: 45765 | S7: 45771 | T7: =NETWORKDAYS(R7,S7)-1 | U7: Recomendado con observaciones
A8: 7 | B8: abril 25 | C8: interna | D8: Fernanda Rojas | E8: Camila Sepúlveda Navarro | F8: Interno | G8: Técnico A | H8: Técnico Eléctrico | I8: Planta Magallanes | J8: Industrial | K8: No | N8: DC_Técnico_Eléctrico.pdf | O8: Énfasis en disposición a sistema de turnos 7x7 en centro remoto. | Q8: 45775 | R8: 45783 | S8: 45785 | T8: =NETWORKDAYS(R8,S8)-1 | U8: Recomendado
A9: 8 | B9: abril 25 | C9: interna | D9: Macarena Vidal | E9: Jorge Uribe Rojas | F9: Interno | G9: Supervisor B | H9: Supervisor Centro de Cultivo | I9: AM Chonchi | J9: Producción AM | K9: No | N9: DC_Supervisor_Centro_de_Cultivo.pdf | O9: Énfasis en comunicación efectiva y toma de decisiones bajo presión. | Q9: 45758 | R9: 45765 | S9: 45771 | T9: =NETWORKDAYS(R9,S9)-1 | U9: Recomendado
A10: 9 | B10: mayo 25 | C10: interna | D10: Daniela Contreras | E10: Víctor Pérez Flores | F10: Interno | G10: Supervisor B | H10: Supervisor Planta | I10: Planta Magallanes | J10: Industrial | K10: No | N10: DC_Supervisor_Planta.pdf | O10: Indagar en liderazgo de equipos operativos y manejo de conflictos. | Q10: 45789 | R10: 45791 | S10: 45793 | T10: =NETWORKDAYS(R10,S10)-1 | U10: Recomendado con observaciones
A11: 10 | B11: mayo 25 | C11: externa | D11: Javiera Soto | E11: Claudio Soto Cheuquepil | F11: Externo | G11: Supervisor B | H11: Supervisor Planta | I11: Planta Magallanes | J11: Industrial | K11: Sí | L11: A170020704 | M11: CV_Claudio_Soto.pdf | N11: DC_Supervisor_Planta.pdf | O11: Énfasis en comunicación efectiva y toma de decisiones bajo presión. | P11: 1 referencia con observaciones | Q11: 45785 | R11: 45789 | S11: 45792 | T11: =NETWORKDAYS(R11,S11)-1 | U11: Recomendado
A12: 11 | B12: mayo 25 | C12: interna | D12: Carolina Muñoz | E12: Víctor Martínez Ruiz | F12: Interno | G12: Profesional B C | H12: Analista de Control de Gestión | I12: Oficina Central | J12: Corporativo | K12: No | L12: A170010310 | N12: DC_Analista_de_Control_de_Gestión.pdf | O12: Indagar en capacidad analítica y manejo de herramientas digitales. | Q12: 45782 | R12: 45790 | S12: 45793 | T12: =NETWORKDAYS(R12,S12)-1 | U12: Recomendado
A13: 12 | B13: mayo 25 | C13: interna | D13: Carolina Muñoz | E13: Diego Vargas Álvarez | F13: Interno | G13: Profesional B C | H13: Prevencionista de Riesgos | I13: Planta Calbuco | J13: Industrial | K13: No | N13: DC_Prevencionista_de_Riesgos.pdf | O13: Énfasis en orientación a resultados y trabajo colaborativo. | Q13: 45782 | R13: 45790 | S13: 45796 | T13: =NETWORKDAYS(R13,S13)-1 | U13: Recomendado
A14: 13 | B14: mayo 25 | C14: externa | D14: Javiera Soto | E14: Soledad Muñoz Muñoz | F14: Externo | G14: Técnico A | H14: Técnico Mantención Senior | I14: AM Melinka | J14: Producción AM | K14: No | L14: A170040209 | M14: CV_Soledad_Muñoz.pdf | N14: DC_Técnico_Mantención_Senior.pdf | O14: Indagar en resolución de problemas técnicos y autonomía. | Q14: 45793 | R14: 45799 | S14: 45804 | T14: =NETWORKDAYS(R14,S14)-1 | U14: Recomendado
A15: 14 | B15: mayo 25 | C15: interna | D15: Carolina Muñoz | E15: José Gallardo Mansilla | F15: Interno | G15: Supervisor B | H15: Supervisor Centro de Cultivo | I15: AM Chonchi | J15: Producción AM | K15: No | L15: A170040510 | N15: DC_Supervisor_Centro_de_Cultivo.pdf | O15: Énfasis en comunicación efectiva y toma de decisiones bajo presión. | Q15: 45789 | R15: 45796 | S15: 45799 | T15: =NETWORKDAYS(R15,S15)-1 | U15: Recomendado
A16: 15 | B16: mayo 25 | C16: interna | D16: Fernanda Rojas | E16: Camila Sánchez López | F16: Interno | G16: Profesional A | H16: Jefe de Proyectos TI | I16: Oficina Central | J16: Corporativo | K16: No | N16: DC_Jefe_de_Proyectos_TI.pdf | O16: Indagar en liderazgo de equipos y gestión del cambio. Proceso confidencial para el candidato. | Q16: 45799 | R16: 45803 | S16: 45805 | T16: =NETWORKDAYS(R16,S16)-1 | U16: Recomendado con observaciones
A17: 16 | B17: mayo 25 | C17: interna | D17: Javiera Soto | E17: Lorena Ruiz Álvarez | F17: Interno | G17: Profesional B C | H17: Prevencionista de Riesgos | I17: AM Melinka | J17: Producción AM | K17: No | N17: DC_Prevencionista_de_Riesgos.pdf | O17: Indagar en capacidad analítica y manejo de herramientas digitales. | Q17: 45790 | R17: 45796 | S17: 45798 | T17: =NETWORKDAYS(R17,S17)-1 | U17: Recomendado
A18: 17 | B18: mayo 25 | C18: interna | D18: Fernanda Rojas | E18: Ximena Sánchez Silva | F18: Interno | G18: Supervisor B | H18: Supervisor Centro de Cultivo | I18: AM Chonchi | J18: Producción AM | K18: No | N18: DC_Supervisor_Centro_de_Cultivo.pdf | O18: Indagar en liderazgo de equipos operativos y manejo de conflictos. | Q18: 45796 | R18: 45800 | S18: 45806 | T18: =NETWORKDAYS(R18,S18)-1 | U18: Recomendado
A19: 18 | B19: junio 25 | C19: interna | D19: Macarena Vidal | E19: Jorge Ruiz Rodríguez | F19: Interno | G19: Profesional A | H19: Líder Desarrollo Producción | I19: Oficina Central | J19: Corporativo | K19: No | N19: DC_Líder_Desarrollo_Producción.pdf | O19: Indagar en liderazgo de equipos y gestión del cambio. Proceso confidencial para el candidato. | Q19: 45820 | R19: 45825 | S19: 45827 | T19: =NETWORKDAYS(R19,S19)-1 | U19: Recomendado
A20: 19 | B20: junio 25 | C20: interna | D20: Javiera Soto | E20: Matías Alvarado Espinoza | F20: Interno | G20: Profesional B C | H20: Coordinador Servicios Generales | I20: Planta Calbuco | J20: Industrial | K20: No | N20: DC_Coordinador_Servicios_Generales.pdf | O20: Énfasis en orientación a resultados y trabajo colaborativo. | Q20: 45831 | R20: 45839 | S20: 45841 | T20: =NETWORKDAYS(R20,S20)-1 | U20: Recomendado
A21: 20 | B21: junio 25 | C21: externa | D21: Javiera Soto | E21: Soledad Rodríguez Contreras | F21: Externo | G21: Técnico A | H21: Técnico Eléctrico | I21: Planta Magallanes | J21: Industrial | K21: No | L21: A170020709 | M21: CV_Soledad_Rodríguez.pdf | N21: DC_Técnico_Eléctrico.pdf | O21: Énfasis en disposición a sistema de turnos 7x7 en centro remoto. | Q21: 45819 | R21: 45825 | S21: 45828 | T21: =NETWORKDAYS(R21,S21)-1 | U21: Recomendado con observaciones
A22: 21 | B22: junio 25 | C22: interna | D22: Macarena Vidal | E22: Karen Álvarez González | F22: Interno | G22: Profesional B C | H22: Prevencionista de Riesgos | I22: Pargua PA | J22: Otros Producción | K22: No | L22: A170030404 | N22: DC_Prevencionista_de_Riesgos.pdf | O22: Validar tolerancia a la presión y organización de tareas. | Q22: 45810 | R22: 45814 | S22: 45817 | T22: =NETWORKDAYS(R22,S22)-1 | U22: Recomendado
A23: 22 | B23: junio 25 | C23: interna | D23: Carolina Muñoz | E23: Héctor Rojas Pizarro | F23: Interno | G23: Técnico B C | H23: Técnico Laboratorio | I23: Piscicultura Rupanco | J23: Producción AD | K23: No | N23: DC_Técnico_Laboratorio.pdf | O23: Validar atención al detalle y cumplimiento de protocolos. | Q23: 45817 | R23: 45825 | S23: 45827 | T23: =NETWORKDAYS(R23,S23)-1 | U23: Recomendado
A24: 23 | B24: junio 25 | C24: interna | D24: Carolina Muñoz | E24: Nicolás Díaz Vásquez | F24: Interno | G24: Técnico B C | H24: Técnico Laboratorio | I24: Piscicultura Rupanco | J24: Producción AD | K24: No | N24: DC_Técnico_Laboratorio.pdf | O24: Indagar en disposición a turnos rotativos. | Q24: 45818 | R24: 45824 | S24: 45826 | T24: =NETWORKDAYS(R24,S24)-1 | U24: Recomendado con observaciones
A25: 24 | B25: junio 25 | C25: interna | D25: Fernanda Rojas | E25: Paulina López Uribe | F25: Interno | G25: Técnico A | H25: Técnico Eléctrico | I25: Pargua PA | J25: Otros Producción | K25: No | L25: A170030402 | N25: DC_Técnico_Eléctrico.pdf | O25: Énfasis en disposición a sistema de turnos 7x7 en centro remoto. | Q25: 45814 | R25: 45824 | S25: 45825 | T25: =NETWORKDAYS(R25,S25)-1 | U25: Recomendado
A26: 25 | B26: junio 25 | C26: externa | D26: Fernanda Rojas | E26: Nicolás Álvarez Castro | F26: Externo | G26: Jefatura | H26: Jefe de Turno | I26: Planta Calbuco | J26: Industrial | K26: Sí | L26: A170021107 | M26: CV_Nicolás_Álvarez.pdf | N26: DC_Jefe_de_Turno.pdf | O26: Evaluar estilo de liderazgo y manejo de indicadores. | P26: 2 referencias favorables | Q26: 45817 | R26: 45824 | S26: 45827 | T26: =NETWORKDAYS(R26,S26)-1 | U26: Recomendado
A27: 26 | B27: julio 25 | C27: interna | D27: Macarena Vidal | E27: Cristián Muñoz Muñoz | F27: Interno | G27: Profesional A | H27: Líder Desarrollo Producción | I27: Oficina Central | J27: Corporativo | K27: No | L27: A170010308 | N27: DC_Líder_Desarrollo_Producción.pdf | O27: Indagar en liderazgo de equipos y gestión del cambio. Proceso confidencial para el candidato. | Q27: 45852 | R27: 45856 | S27: 45860 | T27: =NETWORKDAYS(R27,S27)-1 | U27: Recomendado
A28: 27 | B28: julio 25 | C28: externa | D28: Fernanda Rojas | E28: Patricio Araya Tapia | F28: Externo | G28: Profesional B C | H28: Prevencionista de Riesgos | I28: AM Melinka | J28: Producción AM | K28: Sí | L28: A170040211 | M28: CV_Patricio_Araya.pdf | N28: DC_Prevencionista_de_Riesgos.pdf | O28: Indagar en capacidad analítica y manejo de herramientas digitales. | P28: 2 referencias favorables | Q28: 45855 | R28: 45861 | S28: 45862 | T28: =NETWORKDAYS(R28,S28)-1 | U28: Recomendado con observaciones
A29: 28 | B29: julio 25 | C29: interna | D29: Javiera Soto | E29: Francisco Gutiérrez Hernández | F29: Interno | G29: Profesional A | H29: Jefe de Proyectos TI | I29: Oficina Central | J29: Corporativo | K29: No | N29: DC_Jefe_de_Proyectos_TI.pdf | O29: Énfasis en visión estratégica y relacionamiento con gerencias. | Q29: 45847 | R29: 45853 | S29: 45859 | T29: =NETWORKDAYS(R29,S29)-1 | U29: Recomendado
A30: 29 | B30: julio 25 | C30: interna | D30: Macarena Vidal | E30: Andrés Valenzuela López | F30: Interno | G30: Supervisor B | H30: Supervisor Planta | I30: Planta Cailin | J30: Industrial | K30: No | L30: A170021507 | N30: DC_Supervisor_Planta.pdf | O30: Énfasis en comunicación efectiva y toma de decisiones bajo presión. | Q30: 45845 | R30: 45852 | S30: 45853 | T30: =NETWORKDAYS(R30,S30)-1 | U30: No recomendado
A31: 30 | B31: julio 25 | C31: externa | D31: Javiera Soto | E31: Karen Martínez Contreras | F31: Externo | G31: Profesional A | H31: Jefe de Proyectos TI | I31: Oficina Central | J31: Corporativo | K31: Sí | L31: A170010301 | M31: CV_Karen_Martínez.pdf | N31: DC_Jefe_de_Proyectos_TI.pdf | O31: Indagar en liderazgo de equipos y gestión del cambio. Proceso confidencial para el candidato. | P31: 1 referencia con observaciones | Q31: 45856 | R31: 45861 | S31: 45867 | T31: =NETWORKDAYS(R31,S31)-1 | U31: Recomendado con observaciones
A32: 31 | B32: julio 25 | C32: interna | D32: Carolina Muñoz | E32: Felipe Vargas Contreras | F32: Interno | G32: Técnico A | H32: Técnico Mantención Senior | I32: AM Chonchi | J32: Producción AM | K32: No | L32: A170040512 | N32: DC_Técnico_Mantención_Senior.pdf | O32: Indagar en resolución de problemas técnicos y autonomía. | Q32: 45852 | R32: 45856 | S32: 45861 | T32: =NETWORKDAYS(R32,S32)-1 | U32: Recomendado
A33: 32 | B33: julio 25 | C33: interna | D33: Daniela Contreras | E33: Andrea Castro López | F33: Interno | G33: Profesional B C | H33: Prevencionista de Riesgos | I33: Pargua PA | J33: Otros Producción | K33: No | N33: DC_Prevencionista_de_Riesgos.pdf | O33: Indagar en capacidad analítica y manejo de herramientas digitales. | Q33: 45859 | R33: 45861 | S33: 45867 | T33: =NETWORKDAYS(R33,S33)-1 | U33: Recomendado
A34: 33 | B34: julio 25 | C34: interna | D34: Javiera Soto | E34: Paulina Ruiz Sepúlveda | F34: Interno | G34: Técnico B C | H34: Técnico Laboratorio | I34: Codihue | J34: Producción AD | K34: No | L34: A170050102 | N34: DC_Técnico_Laboratorio.pdf | O34: Indagar en disposición a turnos rotativos. | Q34: 45855 | R34: 45859 | S34: 45863 | T34: =NETWORKDAYS(R34,S34)-1 | U34: Recomendado
A35: 34 | B35: agosto 25 | C35: interna | D35: Carolina Muñoz | E35: Paola Castillo Cárcamo | F35: Interno | G35: Operario Calificado | H35: Grúero | I35: Planta Magallanes | J35: Industrial | K35: No | L35: A170020712 | N35: DC_Grúero.pdf | O35: Validar autocuidado y cumplimiento de procedimientos. | Q35: 45873 | R35: 45880 | S35: 45882 | T35: =NETWORKDAYS(R35,S35)-1 | U35: Recomendado
A36: 35 | B36: agosto 25 | C36: externa | D36: Javiera Soto | E36: Nicolás Oyarzún Gallardo | F36: Externo | G36: Supervisor B | H36: Supervisor Centro de Cultivo | I36: AM Chonchi | J36: Producción AM | K36: Sí | L36: A170040506 | M36: CV_Nicolás_Oyarzún.pdf | N36: DC_Supervisor_Centro_de_Cultivo.pdf | O36: Énfasis en comunicación efectiva y toma de decisiones bajo presión. | P36: Referencias favorables | Q36: 45873 | R36: 45875 | S36: 45881 | T36: =NETWORKDAYS(R36,S36)-1 | U36: No recomendado
A37: 36 | B37: agosto 25 | C37: interna | D37: Javiera Soto | E37: Sebastián Castillo Cárcamo | F37: Interno | G37: Operario Calificado | H37: Operador Grúa Horquilla | I37: Planta Cailin | J37: Industrial | K37: No | N37: DC_Operador_Grúa_Horquilla.pdf | O37: Validar autocuidado y cumplimiento de procedimientos. | Q37: 45875 | R37: 45880 | S37: 45884 | T37: =NETWORKDAYS(R37,S37)-1 | U37: Recomendado
A38: 37 | B38: agosto 25 | C38: externa | D38: Daniela Contreras | E38: Andrés Martínez Vásquez | F38: Externo | G38: Técnico A | H38: Técnico Eléctrico | I38: Pargua PA | J38: Otros Producción | K38: No | L38: A170030405 | M38: CV_Andrés_Martínez.pdf | N38: DC_Técnico_Eléctrico.pdf | O38: Énfasis en disposición a sistema de turnos 7x7 en centro remoto. | Q38: 45880 | R38: 45882 | S38: 45884 | T38: =NETWORKDAYS(R38,S38)-1 | U38: Recomendado
A39: 38 | B39: agosto 25 | C39: externa | D39: Macarena Vidal | E39: Claudio Silva Flores | F39: Externo | G39: Profesional B C | H39: Analista de Control de Gestión | I39: Oficina Central | J39: Corporativo | K39: Sí | L39: A170010305 | M39: CV_Claudio_Silva.pdf | N39: DC_Analista_de_Control_de_Gestión.pdf | O39: Validar tolerancia a la presión y organización de tareas. | P39: 2 referencias favorables | Q39: 45888 | R39: 45895 | S39: 45898 | T39: =NETWORKDAYS(R39,S39)-1 | U39: Recomendado
A40: 39 | B40: agosto 25 | C40: interna | D40: Fernanda Rojas | E40: Víctor Ruiz Mansilla | F40: Interno | G40: Técnico B C | H40: Monitor Producción | I40: Planta Magallanes | J40: Industrial | K40: No | L40: A170020706 | N40: DC_Monitor_Producción.pdf | O40: Énfasis en trabajo en equipo y rigurosidad. | Q40: 45890 | R40: 45896 | S40: 45897 | T40: =NETWORKDAYS(R40,S40)-1 | U40: No recomendado
A41: 40 | B41: agosto 25 | C41: externa | D41: Carolina Muñoz | E41: Héctor Álvarez Barría | F41: Externo | G41: Técnico B C | H41: Asistente Bodega Planta | I41: Planta Cailin | J41: Industrial | K41: No | L41: A170021508 | M41: CV_Héctor_Álvarez.pdf | N41: DC_Asistente_Bodega_Planta.pdf | O41: Validar atención al detalle y cumplimiento de protocolos. | Q41: 45880 | R41: 45882 | S41: 45883 | T41: =NETWORKDAYS(R41,S41)-1 | U41: Recomendado con observaciones
A42: 41 | B42: agosto 25 | C42: externa | D42: Fernanda Rojas | E42: Catalina Vargas Flores | F42: Externo | G42: Técnico B C | H42: Asistente Bodega Planta | I42: Planta Cailin | J42: Industrial | K42: No | L42: A170021510 | M42: CV_Catalina_Vargas.pdf | N42: DC_Asistente_Bodega_Planta.pdf | O42: Validar atención al detalle y cumplimiento de protocolos. | Q42: 45890 | R42: 45896 | S42: 45897 | T42: =NETWORKDAYS(R42,S42)-1 | U42: Recomendado
A43: 42 | B43: septiembre 25 | C43: externa | D43: Macarena Vidal | E43: Manuel Fuentes Navarro | F43: Externo | G43: Profesional A | H43: Líder Desarrollo Producción | I43: Oficina Central | J43: Corporativo | K43: Sí | L43: A170010311 | M43: CV_Manuel_Fuentes.pdf | N43: DC_Líder_Desarrollo_Producción.pdf | O43: Indagar en liderazgo de equipos y gestión del cambio. Proceso confidencial para el candidato. | P43: 1 referencia con observaciones | Q43: 45908 | R43: 45912 | S43: 45915 | T43: =NETWORKDAYS(R43,S43)-1 | U43: Recomendado
A44: 43 | B44: septiembre 25 | C44: interna | D44: Macarena Vidal | E44: Felipe Uribe Vargas | F44: Interno | G44: Profesional B C | H44: Coordinador Servicios Generales | I44: Planta Magallanes | J44: Industrial | K44: No | N44: DC_Coordinador_Servicios_Generales.pdf | O44: Indagar en capacidad analítica y manejo de herramientas digitales. | Q44: 45916 | R44: 45922 | S44: 45924 | T44: =NETWORKDAYS(R44,S44)-1 | U44: Recomendado
A45: 44 | B45: septiembre 25 | C45: interna | D45: Macarena Vidal | E45: Pedro Cárcamo Martínez | F45: Interno | G45: Técnico B C | H45: Asistente Bodega Planta | I45: Planta Cailin | J45: Industrial | K45: No | L45: A170021506 | N45: DC_Asistente_Bodega_Planta.pdf | O45: Validar atención al detalle y cumplimiento de protocolos. | Q45: 45909 | R45: 45916 | S45: 45918 | T45: =NETWORKDAYS(R45,S45)-1 | U45: Recomendado
A46: 45 | B46: septiembre 25 | C46: externa | D46: Macarena Vidal | E46: Lorena Pérez Vargas | F46: Externo | G46: Técnico A | H46: Técnico Mantención Senior | I46: AM Chonchi | J46: Producción AM | K46: No | L46: A170040511 | M46: CV_Lorena_Pérez.pdf | N46: DC_Técnico_Mantención_Senior.pdf | O46: Énfasis en disposición a sistema de turnos 7x7 en centro remoto. | Q46: 45918 | R46: 45924 | S46: 45926 | T46: =NETWORKDAYS(R46,S46)-1 | U46: Recomendado
A47: 46 | B47: septiembre 25 | C47: interna | D47: Carolina Muñoz | E47: Valentina Uribe Rodríguez | F47: Interno | G47: Supervisor B | H47: Supervisor Centro de Cultivo | I47: AM Chonchi | J47: Producción AM | K47: No | N47: DC_Supervisor_Centro_de_Cultivo.pdf | O47: Indagar en liderazgo de equipos operativos y manejo de conflictos. | Q47: 45917 | R47: 45925 | S47: 45931 | T47: =NETWORKDAYS(R47,S47)-1 | U47: Recomendado
A48: 47 | B48: septiembre 25 | C48: externa | D48: Fernanda Rojas | E48: Patricio Martínez Vargas | F48: Externo | G48: Profesional A | H48: Líder Desarrollo Producción | I48: Oficina Central | J48: Corporativo | K48: Sí | L48: A170010304 | M48: CV_Patricio_Martínez.pdf | N48: DC_Líder_Desarrollo_Producción.pdf | O48: Énfasis en visión estratégica y relacionamiento con gerencias. | P48: Referencias favorables | Q48: 45926 | R48: 45932 | S48: 45938 | T48: =NETWORKDAYS(R48,S48)-1 | U48: No recomendado
A49: 48 | B49: septiembre 25 | C49: interna | D49: Macarena Vidal | E49: Matías Sepúlveda Navarro | F49: Interno | G49: Técnico B C | H49: Técnico Laboratorio | I49: Piscicultura Rupanco | J49: Producción AD | K49: No | N49: DC_Técnico_Laboratorio.pdf | O49: Énfasis en trabajo en equipo y rigurosidad. | Q49: 45905 | R49: 45910 | S49: 45912 | T49: =NETWORKDAYS(R49,S49)-1 | U49: Recomendado con observaciones
A50: 49 | B50: septiembre 25 | C50: interna | D50: Fernanda Rojas | E50: Felipe Martínez Flores | F50: Interno | G50: Profesional A | H50: Jefe de Proyectos TI | I50: Oficina Central | J50: Corporativo | K50: No | N50: DC_Jefe_de_Proyectos_TI.pdf | O50: Indagar en liderazgo de equipos y gestión del cambio. Proceso confidencial para el candidato. | Q50: 45923 | R50: 45929 | S50: 45931 | T50: =NETWORKDAYS(R50,S50)-1 | U50: Recomendado
A51: 50 | B51: septiembre 25 | C51: externa | D51: Daniela Contreras | E51: Víctor Ruiz Muñoz | F51: Externo | G51: Profesional B C | H51: Prevencionista de Riesgos | I51: AM Melinka | J51: Producción AM | K51: Sí | L51: A170040205 | M51: CV_Víctor_Ruiz.pdf | N51: DC_Prevencionista_de_Riesgos.pdf | O51: Validar tolerancia a la presión y organización de tareas. | P51: 2 referencias favorables | Q51: 45908 | R51: 45916 | S51: 45918 | T51: =NETWORKDAYS(R51,S51)-1 | U51: No recomendado
A52: 51 | B52: octubre 25 | C52: interna | D52: Fernanda Rojas | E52: Camila Barría González | F52: Interno | G52: Técnico A | H52: Técnico Eléctrico | I52: Planta Magallanes | J52: Industrial | K52: No | L52: A170020706 | N52: DC_Técnico_Eléctrico.pdf | O52: Indagar en resolución de problemas técnicos y autonomía. | Q52: 45950 | R52: 45954 | S52: 45958 | T52: =NETWORKDAYS(R52,S52)-1 | U52: Recomendado con observaciones
A53: 52 | B53: octubre 25 | C53: interna | D53: Daniela Contreras | E53: Claudia Torres Hernández | F53: Interno | G53: Profesional B C | H53: Analista de Sistemas | I53: Oficina Central | J53: Corporativo | K53: No | N53: DC_Analista_de_Sistemas.pdf | O53: Validar tolerancia a la presión y organización de tareas. | Q53: 45946 | R53: 45951 | S53: 45953 | T53: =NETWORKDAYS(R53,S53)-1 | U53: Recomendado
A54: 53 | B54: octubre 25 | C54: interna | D54: Carolina Muñoz | E54: Diego Sánchez Uribe | F54: Interno | G54: Técnico A | H54: Técnico Eléctrico | I54: Pargua PA | J54: Otros Producción | K54: No | N54: DC_Técnico_Eléctrico.pdf | O54: Énfasis en disposición a sistema de turnos 7x7 en centro remoto. | Q54: 45933 | R54: 45938 | S54: 45943 | T54: =NETWORKDAYS(R54,S54)-1 | U54: Recomendado
A55: 54 | B55: octubre 25 | C55: externa | D55: Javiera Soto | E55: Lorena López Vásquez | F55: Externo | G55: Jefatura | H55: Jefe de Turno | I55: Planta Magallanes | J55: Industrial | K55: Sí | L55: A170020701 | M55: CV_Lorena_López.pdf | N55: DC_Jefe_de_Turno.pdf | O55: Énfasis en competencias de gestión y cultura de seguridad. | P55: 1 referencia con observaciones | Q55: 45950 | R55: 45953 | S55: 45958 | T55: =NETWORKDAYS(R55,S55)-1 | U55: No recomendado
A56: 55 | B56: octubre 25 | C56: externa | D56: Javiera Soto | E56: Rodrigo Reyes Cárcamo | F56: Externo | G56: Técnico B C | H56: Técnico Laboratorio | I56: Piscicultura Rupanco | J56: Producción AD | K56: No | L56: A170050603 | M56: CV_Rodrigo_Reyes.pdf | N56: DC_Técnico_Laboratorio.pdf | O56: Indagar en disposición a turnos rotativos. | Q56: 45936 | R56: 45939 | S56: 45944 | T56: =NETWORKDAYS(R56,S56)-1 | U56: Recomendado
A57: 56 | B57: octubre 25 | C57: interna | D57: Macarena Vidal | E57: Sebastián Araya Soto | F57: Interno | G57: Técnico A | H57: Técnico Mantención Senior | I57: AM Melinka | J57: Producción AM | K57: No | N57: DC_Técnico_Mantención_Senior.pdf | O57: Indagar en resolución de problemas técnicos y autonomía. | Q57: 45943 | R57: 45951 | S57: 45957 | T57: =NETWORKDAYS(R57,S57)-1 | U57: Recomendado con observaciones
A58: 57 | B58: octubre 25 | C58: externa | D58: Macarena Vidal | E58: Luis Mansilla Sánchez | F58: Externo | G58: Técnico B C | H58: Asistente Bodega Planta | I58: Planta Cailin | J58: Industrial | K58: No | L58: A170021510 | M58: CV_Luis_Mansilla.pdf | N58: DC_Asistente_Bodega_Planta.pdf | O58: Indagar en disposición a turnos rotativos. | Q58: 45936 | R58: 45943 | S58: 45947 | T58: =NETWORKDAYS(R58,S58)-1 | U58: Recomendado con observaciones
A59: 58 | B59: octubre 25 | C59: externa | D59: Carolina Muñoz | E59: Paulina Martínez Muñoz | F59: Externo | G59: Jefatura | H59: Jefe de Turno | I59: Planta Calbuco | J59: Industrial | K59: Sí | L59: A170021102 | M59: CV_Paulina_Martínez.pdf | N59: DC_Jefe_de_Turno.pdf | O59: Indagar en liderazgo, planificación y gestión de personas. Proceso confidencial. | P59: Referencias favorables | Q59: 45943 | R59: 45945 | S59: 45947 | T59: =NETWORKDAYS(R59,S59)-1 | U59: Recomendado
A60: 59 | B60: noviembre 25 | C60: interna | D60: Fernanda Rojas | E60: Sebastián Sepúlveda Valenzuela | F60: Interno | G60: Profesional B C | H60: Analista de Sistemas | I60: Planta Magallanes | J60: Industrial | K60: No | N60: DC_Analista_de_Sistemas.pdf | O60: Indagar en capacidad analítica y manejo de herramientas digitales. | Q60: 45971 | R60: 45975 | S60: 45980 | T60: =NETWORKDAYS(R60,S60)-1 | U60: No recomendado
A61: 60 | B61: noviembre 25 | C61: interna | D61: Macarena Vidal | E61: Héctor Rodríguez Sánchez | F61: Interno | G61: Operario Calificado | H61: Operador Grúa Horquilla | I61: Planta Calbuco | J61: Industrial | K61: No | L61: A170021102 | N61: DC_Operador_Grúa_Horquilla.pdf | O61: Indagar en apego a normas de seguridad y trabajo en altura. | Q61: 45980 | R61: 45987 | S61: 45992 | T61: =NETWORKDAYS(R61,S61)-1 | U61: Recomendado
A62: 61 | B62: noviembre 25 | C62: interna | D62: Macarena Vidal | E62: Catalina Martínez Espinoza | F62: Interno | G62: Supervisor B | H62: Supervisor Centro de Cultivo | I62: AM Melinka | J62: Producción AM | K62: No | L62: A170040209 | N62: DC_Supervisor_Centro_de_Cultivo.pdf | O62: Indagar en liderazgo de equipos operativos y manejo de conflictos. | Q62: 45972 | R62: 45978 | S62: 45982 | T62: =NETWORKDAYS(R62,S62)-1 | U62: Recomendado
A63: 62 | B63: noviembre 25 | C63: interna | D63: Carolina Muñoz | E63: Soledad Fuentes Gallardo | F63: Interno | G63: Técnico B C | H63: Técnico Laboratorio | I63: Codihue | J63: Producción AD | K63: No | L63: A170050103 | N63: DC_Técnico_Laboratorio.pdf | O63: Indagar en disposición a turnos rotativos. | Q63: 45978 | R63: 45985 | S63: 45989 | T63: =NETWORKDAYS(R63,S63)-1 | U63: Recomendado
A64: 63 | B64: noviembre 25 | C64: externa | D64: Carolina Muñoz | E64: Claudia Mansilla Flores | F64: Externo | G64: Técnico A | H64: Técnico Mantención Senior | I64: AM Melinka | J64: Producción AM | K64: No | L64: A170040206 | M64: CV_Claudia_Mansilla.pdf | N64: DC_Técnico_Mantención_Senior.pdf | O64: Indagar en resolución de problemas técnicos y autonomía. | Q64: 45964 | R64: 45968 | S64: 45972 | T64: =NETWORKDAYS(R64,S64)-1 | U64: No recomendado
A65: 64 | B65: noviembre 25 | C65: interna | D65: Daniela Contreras | E65: Pedro Reyes Oyarzún | F65: Interno | G65: Jefatura | H65: Jefe de SSO | I65: Planta Cailin | J65: Industrial | K65: No | N65: DC_Jefe_de_SSO.pdf | O65: Indagar en liderazgo, planificación y gestión de personas. Proceso confidencial. | Q65: 45978 | R65: 45980 | S65: 45986 | T65: =NETWORKDAYS(R65,S65)-1 | U65: No recomendado
A66: 65 | B66: noviembre 25 | C66: externa | D66: Carolina Muñoz | E66: Constanza González Espinoza | F66: Externo | G66: Técnico B C | H66: Operador Sala Control | I66: Pargua PA | J66: Otros Producción | K66: No | L66: A170030410 | M66: CV_Constanza_González.pdf | N66: DC_Operador_Sala_Control.pdf | O66: Validar atención al detalle y cumplimiento de protocolos. | Q66: 45982 | R66: 45986 | S66: 45988 | T66: =NETWORKDAYS(R66,S66)-1 | U66: No recomendado
A67: 66 | B67: noviembre 25 | C67: externa | D67: Carolina Muñoz | E67: Claudio Torres Cárcamo | F67: Externo | G67: Jefatura | H67: Jefe de SSO | I67: Planta Cailin | J67: Industrial | K67: Sí | L67: A170021501 | M67: CV_Claudio_Torres.pdf | N67: DC_Jefe_de_SSO.pdf | O67: Indagar en liderazgo, planificación y gestión de personas. Proceso confidencial. | P67: Referencias favorables | Q67: 45979 | R67: 45985 | S67: 45987 | T67: =NETWORKDAYS(R67,S67)-1 | U67: Recomendado
A68: 67 | B68: diciembre 25 | C68: externa | D68: Daniela Contreras | E68: Manuel Cheuquepil Rodríguez | F68: Externo | G68: Profesional A | H68: Jefe de Proyectos TI | I68: Oficina Central | J68: Corporativo | K68: Sí | L68: A170010303 | M68: CV_Manuel_Cheuquepil.pdf | N68: DC_Jefe_de_Proyectos_TI.pdf | O68: Énfasis en visión estratégica y relacionamiento con gerencias. | P68: Referencias favorables | Q68: 45999 | R68: 46002 | S68: 46007 | T68: =NETWORKDAYS(R68,S68)-1 | U68: Recomendado
A69: 68 | B69: diciembre 25 | C69: externa | D69: Daniela Contreras | E69: Andrea Alvarado Mansilla | F69: Externo | G69: Profesional B C | H69: Prevencionista de Riesgos | I69: Pargua PA | J69: Otros Producción | K69: Sí | L69: A170030404 | M69: CV_Andrea_Alvarado.pdf | N69: DC_Prevencionista_de_Riesgos.pdf | O69: Validar tolerancia a la presión y organización de tareas. | P69: 2 referencias favorables | Q69: 46007 | R69: 46010 | S69: 46015 | T69: =NETWORKDAYS(R69,S69)-1 | U69: Recomendado con observaciones
A70: 69 | B70: diciembre 25 | C70: externa | D70: Carolina Muñoz | E70: Ximena Álvarez Alvarado | F70: Externo | G70: Profesional B C | H70: Coordinador Servicios Generales | I70: Planta Magallanes | J70: Industrial | K70: Sí | L70: A170020706 | M70: CV_Ximena_Álvarez.pdf | N70: DC_Coordinador_Servicios_Generales.pdf | O70: Validar tolerancia a la presión y organización de tareas. | P70: 1 referencia con observaciones | Q70: 46008 | R70: 46014 | S70: 46015 | T70: =NETWORKDAYS(R70,S70)-1 | U70: Recomendado con observaciones
A71: 70 | B71: diciembre 25 | C71: externa | D71: Carolina Muñoz | E71: Diego Navarro Alvarado | F71: Externo | G71: Técnico B C | H71: Asistente Bodega Planta | I71: Pargua PA | J71: Otros Producción | K71: No | L71: A170030411 | M71: CV_Diego_Navarro.pdf | N71: DC_Asistente_Bodega_Planta.pdf | O71: Énfasis en trabajo en equipo y rigurosidad. | Q71: 46010 | R71: 46015 | S71: 46017 | T71: =NETWORKDAYS(R71,S71)-1 | U71: Recomendado con observaciones
A72: 71 | B72: diciembre 25 | C72: interna | D72: Carolina Muñoz | E72: Cristián Barría Morales | F72: Interno | G72: Técnico B C | H72: Monitor Producción | I72: Planta Calbuco | J72: Industrial | K72: No | N72: DC_Monitor_Producción.pdf | O72: Validar atención al detalle y cumplimiento de protocolos. | Q72: 46008 | R72: 46015 | S72: 46016 | T72: =NETWORKDAYS(R72,S72)-1 | U72: Recomendado
A73: 72 | B73: diciembre 25 | C73: externa | D73: Macarena Vidal | E73: Juan Sánchez Navarro | F73: Externo | G73: Jefatura | H73: Jefe Área Piscicultura | I73: Piscicultura Rupanco | J73: Producción AD | K73: Sí | L73: A170050605 | M73: CV_Juan_Sánchez.pdf | N73: DC_Jefe_Área_Piscicultura.pdf | O73: Indagar en liderazgo, planificación y gestión de personas. Proceso confidencial. | P73: Referencias favorables | Q73: 45996 | R73: 46003 | S73: 46008 | T73: =NETWORKDAYS(R73,S73)-1 | U73: Recomendado
A74: 73 | B74: diciembre 25 | C74: interna | D74: Macarena Vidal | E74: Luis Castro Flores | F74: Interno | G74: Profesional B C | H74: Coordinador Servicios Generales | I74: Planta Magallanes | J74: Industrial | K74: No | N74: DC_Coordinador_Servicios_Generales.pdf | O74: Indagar en capacidad analítica y manejo de herramientas digitales. | Q74: 46006 | R74: 46010 | S74: 46014 | T74: =NETWORKDAYS(R74,S74)-1 | U74: Recomendado
A75: 74 | B75: diciembre 25 | C75: interna | D75: Daniela Contreras | E75: Carlos Cheuquepil Uribe | F75: Interno | G75: Supervisor B | H75: Supervisor Centro de Cultivo | I75: AM Chonchi | J75: Producción AM | K75: No | L75: A170040504 | N75: DC_Supervisor_Centro_de_Cultivo.pdf | O75: Indagar en liderazgo de equipos operativos y manejo de conflictos. | Q75: 46014 | R75: 46020 | S75: 46023 | T75: =NETWORKDAYS(R75,S75)-1 | U75: No recomendado
A76: 75 | B76: diciembre 25 | C76: interna | D76: Macarena Vidal | E76: Andrea Navarro Tapia | F76: Interno | G76: Técnico B C | H76: Monitor Producción | I76: Planta Calbuco | J76: Industrial | K76: No | N76: DC_Monitor_Producción.pdf | O76: Validar atención al detalle y cumplimiento de protocolos. | Q76: 46006 | R76: 46009 | S76: 46014 | T76: =NETWORKDAYS(R76,S76)-1 | U76: Recomendado
A77: 76 | B77: enero 26 | C77: interna | D77: Fernanda Rojas | E77: Cristián Rodríguez Vargas | F77: Interno | G77: Técnico A | H77: Técnico Mantención Senior | I77: AM Chonchi | J77: Producción AM | K77: No | N77: DC_Técnico_Mantención_Senior.pdf | O77: Énfasis en disposición a sistema de turnos 7x7 en centro remoto. | Q77: 46048 | R77: 46056 | S77: 46062 | T77: =NETWORKDAYS(R77,S77)-1 | U77: Recomendado
A78: 77 | B78: enero 26 | C78: externa | D78: Macarena Vidal | E78: Ximena Díaz Cheuquepil | F78: Externo | G78: Jefatura | H78: Jefe de Centro | I78: AM Melinka | J78: Producción AM | K78: Sí | L78: A170040205 | M78: CV_Ximena_Díaz.pdf | N78: DC_Jefe_de_Centro.pdf | O78: Énfasis en competencias de gestión y cultura de seguridad. | P78: Referencias favorables | Q78: 46048 | R78: 46050 | S78: 46056 | T78: =NETWORKDAYS(R78,S78)-1 | U78: Recomendado
A79: 78 | B79: enero 26 | C79: interna | D79: Javiera Soto | E79: Claudio Vargas Espinoza | F79: Interno | G79: Técnico A | H79: Técnico Eléctrico | I79: Planta Magallanes | J79: Industrial | K79: No | N79: DC_Técnico_Eléctrico.pdf | O79: Énfasis en disposición a sistema de turnos 7x7 en centro remoto. | Q79: 46042 | R79: 46050 | S79: 46052 | T79: =NETWORKDAYS(R79,S79)-1 | U79: Recomendado con observaciones
A80: 79 | B80: enero 26 | C80: externa | D80: Carolina Muñoz | E80: Francisco Cheuquepil Gutiérrez | F80: Externo | G80: Jefatura | H80: Jefe Área Piscicultura | I80: Codihue | J80: Producción AD | K80: Sí | L80: A170050104 | M80: CV_Francisco_Cheuquepil.pdf | N80: DC_Jefe_Área_Piscicultura.pdf | O80: Indagar en liderazgo, planificación y gestión de personas. Proceso confidencial. | P80: 1 referencia con observaciones | Q80: 46041 | R80: 46049 | S80: 46051 | T80: =NETWORKDAYS(R80,S80)-1 | U80: Recomendado
A81: 80 | B81: enero 26 | C81: externa | D81: Carolina Muñoz | E81: Víctor Morales Vásquez | F81: Externo | G81: Operario Calificado | H81: Operador Grúa Horquilla | I81: Planta Cailin | J81: Industrial | K81: No | L81: A170021509 | M81: CV_Víctor_Morales.pdf | N81: DC_Operador_Grúa_Horquilla.pdf | O81: Indagar en apego a normas de seguridad y trabajo en altura. | Q81: 46029 | R81: 46035 | S81: 46036 | T81: =NETWORKDAYS(R81,S81)-1 | U81: Recomendado
A82: 81 | B82: enero 26 | C82: externa | D82: Carolina Muñoz | E82: Patricio Contreras Álvarez | F82: Externo | G82: Operario Calificado | H82: Grúero | I82: Planta Calbuco | J82: Industrial | K82: No | L82: A170021104 | M82: CV_Patricio_Contreras.pdf | N82: DC_Grúero.pdf | O82: Validar autocuidado y cumplimiento de procedimientos. | Q82: 46034 | R82: 46038 | S82: 46041 | T82: =NETWORKDAYS(R82,S82)-1 | U82: Recomendado
A83: 82 | B83: enero 26 | C83: interna | D83: Javiera Soto | E83: Paola López Uribe | F83: Interno | G83: Profesional B C | H83: Analista de Control de Gestión | I83: Oficina Central | J83: Corporativo | K83: No | N83: DC_Analista_de_Control_de_Gestión.pdf | O83: Énfasis en orientación a resultados y trabajo colaborativo. | Q83: 46034 | R83: 46042 | S83: 46044 | T83: =NETWORKDAYS(R83,S83)-1 | U83: Recomendado
A84: 83 | B84: enero 26 | C84: interna | D84: Daniela Contreras | E84: Carlos Uribe Vásquez | F84: Interno | G84: Profesional B C | H84: Analista de Control de Gestión | I84: Oficina Central | J84: Corporativo | K84: No | N84: DC_Analista_de_Control_de_Gestión.pdf | O84: Énfasis en orientación a resultados y trabajo colaborativo. | Q84: 46027 | R84: 46029 | S84: 46030 | T84: =NETWORKDAYS(R84,S84)-1 | U84: Recomendado con observaciones
A85: 84 | B85: enero 26 | C85: externa | D85: Fernanda Rojas | E85: Carlos Díaz Álvarez | F85: Externo | G85: Supervisor B | H85: Supervisor Planta | I85: Planta Calbuco | J85: Industrial | K85: Sí | L85: A170021103 | M85: CV_Carlos_Díaz.pdf | N85: DC_Supervisor_Planta.pdf | O85: Énfasis en comunicación efectiva y toma de decisiones bajo presión. | P85: 1 referencia con observaciones | Q85: 46036 | R85: 46038 | S85: 46042 | T85: =NETWORKDAYS(R85,S85)-1 | U85: Recomendado con observaciones
A86: 85 | B86: febrero 26 | C86: interna | D86: Fernanda Rojas | E86: Andrea Navarro Navarro | F86: Interno | G86: Profesional B C | H86: Coordinador Servicios Generales | I86: Planta Calbuco | J86: Industrial | K86: No | N86: DC_Coordinador_Servicios_Generales.pdf | O86: Indagar en capacidad analítica y manejo de herramientas digitales. | Q86: 46062 | R86: 46069 | S86: 46073 | T86: =NETWORKDAYS(R86,S86)-1 | U86: Recomendado
A87: 86 | B87: febrero 26 | C87: interna | D87: Macarena Vidal | E87: Karen Castillo Vásquez | F87: Interno | G87: Profesional B C | H87: Analista de Sistemas | I87: Oficina Central | J87: Corporativo | K87: No | N87: DC_Analista_de_Sistemas.pdf | O87: Validar tolerancia a la presión y organización de tareas. | Q87: 46072 | R87: 46078 | S87: 46080 | T87: =NETWORKDAYS(R87,S87)-1 | U87: Recomendado con observaciones
A88: 87 | B88: febrero 26 | C88: interna | D88: Macarena Vidal | E88: Karen Mansilla Oyarzún | F88: Interno | G88: Profesional B C | H88: Prevencionista de Riesgos | I88: AM Melinka | J88: Producción AM | K88: No | L88: A170040212 | N88: DC_Prevencionista_de_Riesgos.pdf | O88: Indagar en capacidad analítica y manejo de herramientas digitales. | Q88: 46062 | R88: 46065 | S88: 46070 | T88: =NETWORKDAYS(R88,S88)-1 | U88: No recomendado
A89: 88 | B89: febrero 26 | C89: interna | D89: Javiera Soto | E89: Karen Valenzuela Silva | F89: Interno | G89: Profesional B C | H89: Prevencionista de Riesgos | I89: Pargua PA | J89: Otros Producción | K89: No | N89: DC_Prevencionista_de_Riesgos.pdf | O89: Validar tolerancia a la presión y organización de tareas. | Q89: 46062 | R89: 46064 | S89: 46066 | T89: =NETWORKDAYS(R89,S89)-1 | U89: Recomendado
A90: 89 | B90: febrero 26 | C90: interna | D90: Daniela Contreras | E90: Jorge Cheuquepil Oyarzún | F90: Interno | G90: Técnico B C | H90: Monitor Producción | I90: Planta Calbuco | J90: Industrial | K90: No | N90: DC_Monitor_Producción.pdf | O90: Validar atención al detalle y cumplimiento de protocolos. | Q90: 46076 | R90: 46078 | S90: 46080 | T90: =NETWORKDAYS(R90,S90)-1 | U90: Recomendado con observaciones
A91: 90 | B91: febrero 26 | C91: interna | D91: Javiera Soto | E91: María Reyes Castro | F91: Interno | G91: Supervisor B | H91: Supervisor Planta | I91: Planta Cailin | J91: Industrial | K91: No | N91: DC_Supervisor_Planta.pdf | O91: Énfasis en comunicación efectiva y toma de decisiones bajo presión. | Q91: 46079 | R91: 46085 | S91: 46091 | T91: =NETWORKDAYS(R91,S91)-1 | U91: Recomendado
A92: 91 | B92: febrero 26 | C92: interna | D92: Javiera Soto | E92: Diego Ruiz Ruiz | F92: Interno | G92: Supervisor B | H92: Supervisor Planta | I92: Planta Magallanes | J92: Industrial | K92: No | N92: DC_Supervisor_Planta.pdf | O92: Énfasis en comunicación efectiva y toma de decisiones bajo presión. | Q92: 46057 | R92: 46063 | S92: 46065 | T92: =NETWORKDAYS(R92,S92)-1 | U92: Recomendado
A93: 92 | B93: febrero 26 | C93: externa | D93: Macarena Vidal | E93: Claudia Díaz Gutiérrez | F93: Externo | G93: Profesional A | H93: Líder Desarrollo Producción | I93: Oficina Central | J93: Corporativo | K93: Sí | L93: A170010310 | M93: CV_Claudia_Díaz.pdf | N93: DC_Líder_Desarrollo_Producción.pdf | O93: Indagar en liderazgo de equipos y gestión del cambio. Proceso confidencial para el candidato. | P93: 1 referencia con observaciones | Q93: 46071 | R93: 46078 | S93: 46079 | T93: =NETWORKDAYS(R93,S93)-1 | U93: Recomendado con observaciones
A94: 93 | B94: marzo 26 | C94: externa | D94: Macarena Vidal | E94: Carlos Pérez Contreras | F94: Externo | G94: Técnico B C | H94: Operador Sala Control | I94: Pargua PA | J94: Otros Producción | K94: No | L94: A170030402 | M94: CV_Carlos_Pérez.pdf | N94: DC_Operador_Sala_Control.pdf | O94: Validar atención al detalle y cumplimiento de protocolos. | Q94: 46100 | R94: 46107 | S94: 46108 | T94: =NETWORKDAYS(R94,S94)-1 | U94: Recomendado
A95: 94 | B95: marzo 26 | C95: externa | D95: Fernanda Rojas | E95: Catalina López Díaz | F95: Externo | G95: Profesional A | H95: Líder Desarrollo Producción | I95: Oficina Central | J95: Corporativo | K95: Sí | L95: A170010307 | M95: CV_Catalina_López.pdf | N95: DC_Líder_Desarrollo_Producción.pdf | O95: Énfasis en visión estratégica y relacionamiento con gerencias. | P95: 1 referencia con observaciones | Q95: 46091 | R95: 46094 | S95: 46098 | T95: =NETWORKDAYS(R95,S95)-1 | U95: Recomendado
A96: 95 | B96: marzo 26 | C96: externa | D96: Javiera Soto | E96: Víctor Sánchez Sepúlveda | F96: Externo | G96: Profesional A | H96: Jefe de Proyectos TI | I96: Oficina Central | J96: Corporativo | K96: Sí | L96: A170010301 | M96: CV_Víctor_Sánchez.pdf | N96: DC_Jefe_de_Proyectos_TI.pdf | O96: Énfasis en visión estratégica y relacionamiento con gerencias. | P96: 2 referencias favorables | Q96: 46091 | R96: 46093 | S96: 46099 | T96: =NETWORKDAYS(R96,S96)-1 | U96: Recomendado
A97: 96 | B97: marzo 26 | C97: externa | D97: Carolina Muñoz | E97: Natalia Muñoz Contreras | F97: Externo | G97: Jefatura | H97: Jefe Área Piscicultura | I97: Codihue | J97: Producción AD | K97: Sí | L97: A170050104 | M97: CV_Natalia_Muñoz.pdf | N97: DC_Jefe_Área_Piscicultura.pdf | O97: Énfasis en competencias de gestión y cultura de seguridad. | P97: 2 referencias favorables | Q97: 46097 | R97: 46104 | S97: 46105 | T97: =NETWORKDAYS(R97,S97)-1 | U97: Recomendado
A98: 97 | B98: marzo 26 | C98: externa | D98: Fernanda Rojas | E98: Paulina Araya Soto | F98: Externo | G98: Jefatura | H98: Jefe de Centro | I98: AM Melinka | J98: Producción AM | K98: Sí | L98: A170040205 | M98: CV_Paulina_Araya.pdf | N98: DC_Jefe_de_Centro.pdf | O98: Énfasis en competencias de gestión y cultura de seguridad. | P98: 2 referencias favorables | Q98: 46099 | R98: 46107 | S98: 46108 | T98: =NETWORKDAYS(R98,S98)-1 | U98: Recomendado con observaciones
A99: 98 | B99: marzo 26 | C99: interna | D99: Daniela Contreras | E99: Felipe Sepúlveda López | F99: Interno | G99: Jefatura | H99: Jefe de SSO | I99: Planta Calbuco | J99: Industrial | K99: No | N99: DC_Jefe_de_SSO.pdf | O99: Énfasis en competencias de gestión y cultura de seguridad. | Q99: 46104 | R99: 46106 | S99: 46108 | T99: =NETWORKDAYS(R99,S99)-1 | U99: Recomendado
A100: 99 | B100: marzo 26 | C100: interna | D100: Javiera Soto | E100: Víctor Pérez Navarro | F100: Interno | G100: Operario Calificado | H100: Grúero | I100: Planta Magallanes | J100: Industrial | K100: No | L100: A170020705 | N100: DC_Grúero.pdf | O100: Indagar en apego a normas de seguridad y trabajo en altura. | Q100: 46107 | R100: 46115 | S100: 46118 | T100: =NETWORKDAYS(R100,S100)-1 | U100: No recomendado
...

Sheet Resumen
A1: Resumen evaluaciones psicolaborales (datos simulados, abr-2025 a mar-2026)
A3: Categoría | B3: Cantidad | C3: %
A4: Recomendado | B4: =COUNTIF(Candidatos!$U$2:$U$101,A4) | C4: =B4/$B$7
A5: Recomendado con observaciones | B5: =COUNTIF(Candidatos!$U$2:$U$101,A5) | C5: =B5/$B$7
A6: No recomendado | B6: =COUNTIF(Candidatos!$U$2:$U$101,A6) | C6: =B6/$B$7
A7: Total | B7: =SUM(B4:B6)
A9: Origen | B9: Cantidad
A10: Interno | B10: =COUNTIF(Candidatos!$F$2:$F$101,A10)
A11: Externo | B11: =COUNTIF(Candidatos!$F$2:$F$101,A11)
A13: Tiempo de respuesta promedio (días hábiles) | B13: =AVERAGE(Candidatos!$T$2:$T$101)
A15: Mes | B15: Evaluaciones
A16: abril 25 | B16: =COUNTIF(Candidatos!$B$2:$B$101,A16)
A17: mayo 25 | B17: =COUNTIF(Candidatos!$B$2:$B$101,A17)
A18: junio 25 | B18: =COUNTIF(Candidatos!$B$2:$B$101,A18)
A19: julio 25 | B19: =COUNTIF(Candidatos!$B$2:$B$101,A19)
A20: agosto 25 | B20: =COUNTIF(Candidatos!$B$2:$B$101,A20)
A21: septiembre 25 | B21: =COUNTIF(Candidatos!$B$2:$B$101,A21)
A22: octubre 25 | B22: =COUNTIF(Candidatos!$B$2:$B$101,A22)
A23: noviembre 25 | B23: =COUNTIF(Candidatos!$B$2:$B$101,A23)
A24: diciembre 25 | B24: =COUNTIF(Candidatos!$B$2:$B$101,A24)
A25: enero 26 | B25: =COUNTIF(Candidatos!$B$2:$B$101,A25)
A26: febrero 26 | B26: =COUNTIF(Candidatos!$B$2:$B$101,A26)
A27: marzo 26 | B27: =COUNTIF(Candidatos!$B$2:$B$101,A27)
A29: Nota: todos los nombres, reclutadores, CECO y fechas son ficticios, generados para el MVP (DSY1104).
